accidentYear,longitude,latitude,AccidentSeverityDescription,accidentDate,DayOfWeekDescription,accidentTime,RoadTypeDescription,speedLimit,LightConditionsDescription,tavg,prcp,snow,wspd,month,rad_lng,rad_lat,cluster,Timestamp,TimestampInt
2021,-0.211699,51.581262,Slight,03/10/2021,Sunday,00:00.0,Dual carriageway,40,Daylight,11.69999981,17.5,0,17.5,10,-0.0036948445731794,0.9002628542338353,286,2021-03-10,
2021,-0.086265,51.526056,Slight,07/10/2021,Thursday,45:00.0,Single carriageway,30,Darkness - lights lit,14.39999962,0.0,0,9.0,10,-0.0015056082792329,0.8992993277669794,25,2021-07-10,
2021,-0.081012,51.524801,Serious,11/09/2021,Saturday,45:00.0,Single carriageway,20,Daylight,17.10000038,1.799999952,0,14.60000038,9,-0.0014139261336256,0.8992774238848668,19,2021-11-09,
2021,-0.174554,51.523443,Slight,06/10/2021,Wednesday,40:00.0,Single carriageway,20,Daylight,11.30000019,0.300000012,0,22.10000038,10,-0.0030465420225261,0.8992537223136247,133,2021-06-10,
2021,-0.093029,51.501508,Slight,07/10/2021,Thursday,00:00.0,Unknown,20,Daylight,14.39999962,0.0,0,9.0,10,-0.0016236623498378,0.8988708843421999,22,2021-07-10,
2021,0.031264,51.517127,Serious,07/10/2021,Thursday,55:00.0,Dual carriageway,50,Daylight,14.39999962,0.0,0,9.0,10,0.0005456597373435,0.8991434873180688,266,2021-07-10,
2021,-0.093802,51.484345,Slight,07/10/2021,Thursday,10:00.0,Single carriageway,20,Daylight,14.39999962,0.0,0,9.0,10,-0.0016371537449557,0.8985713334826799,303,2021-07-10,
2021,-0.119151,51.5113,Slight,07/10/2021,Thursday,20:00.0,Single carriageway,20,Daylight,14.39999962,0.0,0,9.0,10,-0.0020795772570437,0.8990417869825551,362,2021-07-10,
2021,-0.159765,51.52198,Slight,07/10/2021,Thursday,50:00.0,Single carriageway,20,Daylight,14.39999962,0.0,0,9.0,10,-0.0027884252794487,0.8992281881466679,117,2021-07-10,
2021,-0.130682,51.516907,Slight,07/10/2021,Thursday,40:00.0,Dual carriageway,20,Darkness - lights lit,14.39999962,0.0,0,9.0,10,-0.0022808311730912,0.8991396475937145,151,2021-07-10,
2021,-0.142003,51.515325,Serious,06/10/2021,Wednesday,55:00.0,One way street,20,Darkness - lights lit,11.30000019,0.300000012,0,22.10000038,10,-0.0024784198977095,0.8991120364849478,24,2021-06-10,
2021,-0.129593,51.488599,Slight,07/10/2021,Thursday,50:00.0,Unknown,30,Daylight,14.39999962,0.0,0,9.0,10,-0.002261824537537,0.8986455797890598,110,2021-07-10,
2021,-0.126091,51.500926,Slight,08/10/2021,Friday,15:00.0,Single carriageway,20,Darkness - lighting unknown,14.89999962,0.300000012,0,5.800000191,10,-0.0022007031071321,0.8988607265259532,85,2021-08-10,
2021,-0.142423,51.538991,Serious,08/10/2021,Friday,15:00.0,Single carriageway,30,Daylight,14.89999962,0.300000012,0,5.800000191,10,-0.0024857502805678,0.8995250861057248,28,2021-08-10,
2021,-0.009797,51.51785,Slight,08/10/2021,Friday,44:00.0,Dual carriageway,40,Daylight,14.89999962,0.300000012,0,5.800000191,10,-0.0001709899068178,0.8991561060485607,195,2021-08-10,
2021,-0.102543,51.56587,Slight,08/10/2021,Friday,55:00.0,Single carriageway,20,Daylight,14.89999962,0.300000012,0,5.800000191,10,-0.0017897129748725,0.8999942131553682,211,2021-08-10,
2021,-0.11136,51.481562,Slight,08/10/2021,Friday,05:00.0,One way street,20,Daylight,14.89999962,0.300000012,0,5.800000191,10,-0.0019435986550208,0.898522760969597,13,2021-08-10,
2021,-0.116424,51.460007,Slight,08/10/2021,Friday,35:00.0,Single carriageway,20,Daylight,14.89999962,0.300000012,0,5.800000191,10,-0.0020319821283418,0.8981465552493295,214,2021-08-10,
2021,0.009386,51.542702,Slight,08/10/2021,Friday,38:00.0,Single carriageway,20,Daylight,14.89999962,0.300000012,0,5.800000191,10,0.0001638166035921,0.8995898552742663,200,2021-08-10,
2021,0.177083,51.480742,Serious,08/10/2021,Friday,08:00.0,Roundabout,30,Daylight,14.89999962,0.300000012,0,5.800000191,10,0.0030906813993091,0.8985084492697306,57,2021-08-10,
2021,-0.136769,51.48535,Serious,08/10/2021,Friday,58:00.0,Single carriageway,20,Daylight,14.89999962,0.300000012,0,5.800000191,10,-0.0023870693646601,0.8985888740416625,367,2021-08-10,
2021,-0.103424,51.590497,Slight,05/10/2021,Tuesday,45:00.0,Single carriageway,30,Daylight,12.10000038,11.69999981,0,25.10000038,10,-0.0018050893255826,0.900424035390257,175,2021-05-10,
2021,0.093019,51.529855,Slight,08/10/2021,Friday,42:00.0,Single carriageway,30,Daylight,14.89999962,0.300000012,0,5.800000191,10,0.0016234878169126,0.8993656328252625,272,2021-08-10,
2021,-0.071511,51.515284,Serious,08/10/2021,Friday,46:00.0,Dual carriageway,30,Darkness - lights lit,14.89999962,0.300000012,0,5.800000191,10,-0.0012481024013936,0.8991113208999546,16,2021-08-10,
2021,-0.252917,51.539609,Slight,08/10/2021,Friday,20:00.0,Single carriageway,30,Daylight,14.89999962,0.300000012,0,5.800000191,10,-0.0044142343842664,0.8995358722405021,338,2021-08-10,
2021,0.029612,51.45078,Slight,09/10/2021,Saturday,05:00.0,Roundabout,30,Daylight,12.5,0.300000012,0,5.699999809,10,0.0005168268981005,0.8979855137192481,129,2021-09-10,
2021,-0.07308,51.565524,Slight,09/10/2021,Saturday,14:00.0,Dual carriageway,20,Daylight,12.5,0.300000012,0,5.699999809,10,-0.0012754866173574,0.8999881743161565,103,2021-09-10,
2021,-0.116676,51.461918,Slight,08/10/2021,Friday,25:00.0,Single carriageway,20,Daylight,14.89999962,0.300000012,0,5.800000191,10,-0.0020363803580569,0.8981799084913351,77,2021-08-10,
2021,-0.100123,51.493413,Slight,09/10/2021,Saturday,05:00.0,Dual carriageway,20,Darkness - lights lit,12.5,0.300000012,0,5.699999809,10,-0.0017474760069742,0.8987295999392507,130,2021-09-10,
2021,-0.041557,51.533168,Slight,09/10/2021,Saturday,30:00.0,Roundabout,20,Daylight,12.5,0.300000012,0,5.699999809,10,-0.0007253064772512,0.8994234555833812,86,2021-09-10,
2021,0.091842,51.529956,Slight,09/10/2021,Saturday,09:00.0,Dual carriageway,30,Darkness - lights lit,12.5,0.300000012,0,5.699999809,10,0.0016029452916166,0.8993673956078071,272,2021-09-10,
2021,-0.133974,51.510773,Slight,10/10/2021,Sunday,36:00.0,One way street,20,Darkness - lights lit,12.5,0.0,0,9.300000191,10,-0.0023382874120668,0.8990325890973971,167,2021-10-10,
2021,-0.130494,51.516203,Slight,10/10/2021,Sunday,40:00.0,Single carriageway,20,Darkness - lights lit,12.5,0.0,0,9.300000191,10,-0.0022775499540974,0.8991273604757803,151,2021-10-10,
2021,0.141596,51.580921,Slight,08/10/2021,Friday,05:00.0,Single carriageway,50,Daylight,14.89999962,0.300000012,0,5.800000191,10,0.0024713164076538,0.900256902661086,106,2021-08-10,
2021,-0.133183,51.545958,Slight,08/10/2021,Friday,10:00.0,Dual carriageway,30,Daylight,14.89999962,0.300000012,0,5.800000191,10,-0.0023244818576836,0.8996466831947113,391,2021-08-10,
2021,0.164977,51.581778,Slight,10/10/2021,Sunday,51:00.0,Dual carriageway,50,Daylight,12.5,0.0,0,9.300000191,10,0.0028793918400626,0.9002718601327756,5,2021-10-10,
2021,-0.145791,51.454666,Slight,10/10/2021,Sunday,55:00.0,Single carriageway,30,Daylight,12.5,0.0,0,9.300000191,10,-0.002544532969775,0.8980533372139806,99,2021-10-10,
2021,-0.02147,51.527885,Slight,03/10/2021,Sunday,40:00.0,Single carriageway,20,Daylight,11.69999981,17.5,0,17.5,10,-0.0003747221904031,0.8993312498389983,95,2021-03-10,
2021,-0.128437,51.510837,Slight,10/10/2021,Sunday,00:00.0,Single carriageway,20,Darkness - lights lit,12.5,0.0,0,9.300000191,10,-0.0022416485313839,0.8990337061081184,365,2021-10-10,
2021,-0.070578,51.588513,Serious,10/10/2021,Sunday,30:00.0,Dual carriageway,30,Darkness - lights lit,12.5,0.0,0,9.300000191,10,-0.0012318184794725,0.9003894080578974,119,2021-10-10,
2021,-0.075608,51.546295,Serious,10/10/2021,Sunday,08:00.0,Single carriageway,20,Darkness - lights lit,12.5,0.0,0,9.300000191,10,-0.0013196085408478,0.8996525649542905,76,2021-10-10,
2021,-0.070447,51.58888,Slight,11/10/2021,Monday,13:00.0,Dual carriageway,30,Daylight,10.10000038,0.0,0,10.10000038,10,-0.0012295320981524,0.9003958134162523,119,2021-11-10,
2021,-0.060538,51.509284,Slight,11/10/2021,Monday,05:00.0,Unknown,30,Darkness - lights lit,10.10000038,0.0,0,10.10000038,10,-0.0010565874225723,0.8990066011448349,330,2021-11-10,
2021,-0.193662,51.53819,Slight,11/10/2021,Monday,00:00.0,Single carriageway,30,Daylight,10.10000038,0.0,0,10.10000038,10,-0.0033800395359972,0.8995111060184164,109,2021-11-10,
2021,-0.11114,51.387467,Slight,10/10/2021,Sunday,38:00.0,Single carriageway,30,Darkness - lights lit,12.5,0.0,0,9.300000191,10,-0.0019397589306664,0.8968804934099329,408,2021-10-10,
2021,-0.073005,51.566962,Slight,11/10/2021,Monday,30:00.0,Single carriageway,20,Darkness - lights lit,10.10000038,0.0,0,10.10000038,10,-0.0012741776204184,0.9000132721508,66,2021-11-10,
2021,-0.198784,51.480042,Slight,11/10/2021,Monday,44:00.0,Single carriageway,20,Darkness - lights lit,10.10000038,0.0,0,10.10000038,10,-0.0034694353002844,0.8984962319649666,402,2021-11-10,
2021,-0.074527,51.555863,Slight,11/10/2021,Monday,50:00.0,Dual carriageway,20,Darkness - lights lit,10.10000038,0.0,0,10.10000038,10,-0.0013007415316338,0.8998195580571214,222,2021-11-10,
2021,-0.099502,51.582421,Slight,07/10/2021,Thursday,15:00.0,Unknown,20,Darkness - lighting unknown,14.39999962,0.0,0,9.0,10,-0.0017366375123193,0.9002830825998659,84,2021-07-10,
2021,-0.047661,51.521588,Slight,12/10/2021,Tuesday,30:00.0,Dual carriageway,20,Daylight,10.10000038,0.0,0,11.60000038,10,-0.000831841374793,0.8992213464560004,202,2021-12-10,
2021,-0.346644,51.536569,Slight,08/10/2021,Friday,45:00.0,Roundabout,30,Darkness - lights lit,14.89999962,0.300000012,0,5.800000191,10,-0.0060500791322832,0.8994828142312414,146,2021-08-10,
2021,-0.159876,51.501362,Slight,12/10/2021,Tuesday,10:00.0,Roundabout,30,Daylight,10.10000038,0.0,0,11.60000038,10,-0.0027903625949184,0.8988683361614919,71,2021-12-10,
2021,-0.226784,51.582669,Slight,11/10/2021,Monday,10:00.0,Dual carriageway,30,Darkness - lights lit,10.10000038,0.0,0,10.10000038,10,-0.0039581274908428,0.900287411016411,69,2021-11-10,
2021,-0.074664,51.399409,Serious,06/10/2021,Wednesday,40:00.0,Single carriageway,30,Daylight,11.30000019,0.300000012,0,22.10000038,10,-0.001303132632709,0.897088920629206,371,2021-06-10,
2021,-0.205781,51.496597,Slight,12/10/2021,Tuesday,50:00.0,One way street,30,Daylight,10.10000038,0.0,0,11.60000038,10,-0.0035915559880464,0.8987851712226343,87,2021-12-10,
2021,-0.127437,51.484626,Slight,10/10/2021,Sunday,10:00.0,Unknown,20,Daylight,12.5,0.0,0,9.300000191,10,-0.002224195238864,0.8985762378578781,274,2021-10-10,
2021,-0.095021,51.570829,Slight,12/10/2021,Tuesday,45:00.0,Single carriageway,20,Daylight,10.10000038,0.0,0,11.60000038,10,-0.0016584293085375,0.9000807640329749,101,2021-12-10,
2021,-0.11765,51.52044,Serious,12/10/2021,Tuesday,45:00.0,Dual carriageway,20,Darkness - lights lit,10.10000038,0.0,0,11.60000038,10,-0.0020533798649713,0.8992013100761873,390,2021-12-10,
2021,-0.215135,51.526352,Slight,11/10/2021,Monday,50:00.0,One way street,20,Daylight,10.10000038,0.0,0,10.10000038,10,-0.003754814086278,0.8993044939415652,284,2021-11-10,
2021,-0.040127,51.53086,Slight,14/09/2021,Tuesday,00:00.0,Slip road,20,Darkness - lights lit,15.89999962,3.599999905,0,10.10000038,9,-0.0007003482689477,0.8993831733842451,332,2021-09-14,
2021,-0.099197,51.579341,Slight,09/10/2021,Saturday,28:00.0,Single carriageway,30,Darkness - lights lit,12.5,0.300000012,0,5.699999809,10,-0.0017313142581008,0.9002293264589045,430,2021-09-10,
2021,-0.016452,51.600874,Slight,11/10/2021,Monday,13:00.0,Dual carriageway,30,Darkness - lights lit,10.10000038,0.0,0,10.10000038,10,-0.0002871415685381,0.9006051482067364,257,2021-11-10,
2021,-0.10284,51.565686,Serious,13/10/2021,Wednesday,00:00.0,Single carriageway,20,Darkness - lights lit,10.60000038,0.0,0,7.199999809,10,-0.0017948966027509,0.8999910017495447,211,2021-10-13,
2021,-0.168773,51.427437,Serious,12/10/2021,Tuesday,20:00.0,Single carriageway,30,Darkness - lights lit,10.10000038,0.0,0,11.60000038,10,-0.0029456445384683,0.8975781015119549,15,2021-12-10,
2021,0.0291,51.450276,Slight,13/10/2021,Wednesday,50:00.0,Roundabout,30,Daylight,10.60000038,0.0,0,7.199999809,10,0.0005078908123303,0.8979767172598181,129,2021-10-13,
2021,0.142021,51.581057,Slight,12/10/2021,Tuesday,00:00.0,Slip road,30,Daylight,10.10000038,0.0,0,11.60000038,10,0.0024787340569748,0.9002592763088687,106,2021-12-10,
2021,-0.136117,51.462471,Slight,12/10/2021,Tuesday,10:00.0,Single carriageway,30,Daylight,10.10000038,0.0,0,11.60000038,10,-0.0023756898179371,0.8981895601620988,102,2021-12-10,
2021,-0.166992,51.460809,Slight,13/10/2021,Wednesday,00:00.0,Single carriageway,30,Daylight,10.60000038,0.0,0,7.199999809,10,-0.0029145602244903,0.8981605527899307,250,2021-10-13,
2021,-0.134261,51.463143,Slight,13/10/2021,Wednesday,07:00.0,Single carriageway,20,Darkness - lights lit,10.60000038,0.0,0,7.199999809,10,-0.0023432965070201,0.8982012887746721,102,2021-10-13,
2021,-0.092183,51.474147,Slight,13/10/2021,Wednesday,48:00.0,Dual carriageway,20,Daylight,10.60000038,0.0,0,7.199999809,10,-0.0016088968643659,0.8983933448055617,49,2021-10-13,
2021,0.035641,51.452681,Slight,13/10/2021,Wednesday,10:00.0,Roundabout,30,Darkness - lights lit,10.60000038,0.0,0,7.199999809,10,0.0006220527987032,0.8980186924283284,124,2021-10-13,
2021,-0.071381,51.472971,Slight,13/10/2021,Wednesday,45:00.0,Single carriageway,20,Daylight,10.60000038,0.0,0,7.199999809,10,-0.001245833473366,0.8983728197335582,112,2021-10-13,
2021,-0.10036,51.495683,Serious,13/10/2021,Wednesday,15:00.0,Roundabout,20,Darkness - lights lit,10.60000038,0.0,0,7.199999809,10,-0.0017516124373015,0.8987692189132711,0,2021-10-13,
2021,-0.12958,51.423042,Slight,13/10/2021,Wednesday,00:00.0,Single carriageway,30,Darkness - lights lit,10.60000038,0.0,0,7.199999809,10,-0.0022615976447342,0.8975013942913299,26,2021-10-13,
2021,-0.117737,51.476728,Slight,14/10/2021,Thursday,46:00.0,Dual carriageway,30,Daylight,11.39999962,0.0,0,12.60000038,10,-0.0020548983014205,0.8984383917535556,33,2021-10-14,
2021,-0.078501,51.489257,Slight,13/10/2021,Wednesday,12:00.0,Dual carriageway,30,Daylight,10.60000038,0.0,0,7.199999809,10,-0.001370100916108,0.898657064055538,54,2021-10-13,
2021,-0.042063,51.510632,Serious,14/10/2021,Thursday,20:00.0,Dual carriageway,30,Darkness - lights lit,11.39999962,0.0,0,12.60000038,10,-0.0007341378432663,0.8990301281831518,145,2021-10-14,
2021,-0.223103,51.503128,Slight,11/10/2021,Monday,05:00.0,Dual carriageway,20,Darkness - lights lit,10.10000038,0.0,0,10.10000038,10,-0.0038938819210769,0.8988991586760819,400,2021-11-10,
2021,0.025624,51.546254,Slight,14/10/2021,Thursday,50:00.0,Single carriageway,30,Darkness - lights lit,11.39999962,0.0,0,12.60000038,10,0.000447223167531,0.8996518493692971,158,2021-10-14,
2021,-0.1682,51.530188,Slight,14/10/2021,Thursday,50:00.0,Roundabout,20,Daylight,11.39999962,0.0,0,12.60000038,10,-0.0029356438018544,0.8993714447716719,361,2021-10-14,
2021,-0.072583,51.573537,Slight,15/10/2021,Friday,13:00.0,Single carriageway,30,Daylight,11.0,0.0,0,9.800000191,10,-0.001266812330975,0.9001280275491188,242,2021-10-15,
2021,-0.064565,51.474108,Slight,15/10/2021,Friday,30:00.0,Dual carriageway,20,Daylight,11.0,0.0,0,9.800000191,10,-0.0011268718315501,0.8983926641271532,82,2021-10-15,
2021,-0.12032,51.517569,Slight,15/10/2021,Friday,05:00.0,Dual carriageway,20,Daylight,11.0,0.0,0,9.800000191,10,-0.0020999801559995,0.8991512016733626,290,2021-10-15,
2021,-0.216265,51.52806,Slight,15/10/2021,Friday,10:00.0,Single carriageway,30,Daylight,11.0,0.0,0,9.800000191,10,-0.0037745363068255,0.8993343041651894,11,2021-10-15,
2021,-0.134526,51.463021,Serious,11/10/2021,Monday,00:00.0,Unknown,30,Daylight,10.10000038,0.0,0,10.10000038,10,-0.0023479216295378,0.8981991594729847,102,2021-11-10,
2021,0.176983,51.480456,Slight,15/10/2021,Friday,05:00.0,Roundabout,30,Daylight,11.0,0.0,0,9.800000191,10,0.0030889360700571,0.8985034576280698,57,2021-10-15,
2021,-0.260879,51.551283,Slight,15/10/2021,Friday,30:00.0,Dual carriageway,40,Darkness - lights lit,11.0,0.0,0,9.800000191,10,-0.0045531974993102,0.89973962197738,115,2021-10-15,
2021,-0.132769,51.463731,Serious,16/10/2021,Saturday,15:00.0,Single carriageway,30,Darkness - lights lit,10.60000038,0.0,0,7.099999905,10,-0.0023172561945803,0.8982115513106739,102,2021-10-16,
2021,-0.219564,51.504477,Slight,16/10/2021,Saturday,15:00.0,One way street,20,Darkness - lights lit,10.60000038,0.0,0,7.099999905,10,-0.0038321147188488,0.8989227031676915,111,2021-10-16,
2021,-0.060969,51.589056,Slight,16/10/2021,Saturday,31:00.0,Dual carriageway,30,Darkness - lighting unknown,10.60000038,0.0,0,7.099999905,10,-0.0010641097916484,0.9003988851957357,157,2021-10-16,
2021,-0.069467,51.473622,Slight,13/10/2021,Wednesday,15:00.0,Unknown,30,Darkness - lights lit,10.60000038,0.0,0,7.199999809,10,-0.0012124278714829,0.8983841818269886,309,2021-10-13,
2021,-0.064648,51.518048,Slight,16/10/2021,Saturday,16:00.0,Dual carriageway,20,Darkness - lights lit,10.60000038,0.0,0,7.099999905,10,-0.0011283204548292,0.8991595618004796,43,2021-10-16,
2021,-0.080738,51.524482,Serious,08/10/2021,Friday,40:00.0,Single carriageway,30,Daylight,14.89999962,0.300000012,0,5.800000191,10,-0.0014091439314751,0.899271856284553,19,2021-08-10,
2021,-0.149741,51.502578,Serious,16/10/2021,Saturday,39:00.0,Unknown,30,Darkness - lights lit,10.60000038,0.0,0,7.099999905,10,-0.0026134734752288,0.8988895593651961,169,2021-10-16,
2021,-0.102442,51.495168,Slight,16/10/2021,Saturday,30:00.0,Slip road,20,Darkness - lights lit,10.60000038,0.0,0,7.099999905,10,-0.001787950192328,0.8987602304676233,0,2021-10-16,
2021,-0.120089,51.510938,Serious,16/10/2021,Saturday,25:00.0,One way street,20,Darkness - lights lit,10.60000038,0.0,0,7.099999905,10,-0.0020959484454274,0.8990354688906629,362,2021-10-16,
2021,-0.152415,51.514113,Slight,16/10/2021,Saturday,10:00.0,Dual carriageway,20,Darkness - lights lit,10.60000038,0.0,0,7.099999905,10,-0.0026601435794271,0.8990908830944138,153,2021-10-16,
2021,-0.211594,51.45406,Serious,17/10/2021,Sunday,20:00.0,Single carriageway,30,Daylight,11.80000019,0.800000012,0,10.39999962,10,-0.0036930119774648,0.8980427605187135,219,2021-10-17,
2021,-0.101183,51.452639,Slight,16/10/2021,Saturday,07:00.0,Single carriageway,30,Daylight,10.60000038,0.0,0,7.099999905,10,-0.0017659764970454,0.8980179593900426,323,2021-10-16,
2021,-0.352324,51.527414,Slight,17/10/2021,Sunday,58:00.0,Dual carriageway,30,Daylight,11.80000019,0.800000012,0,10.39999962,10,-0.0061492138337965,0.8993230293382215,177,2021-10-17,
2021,-0.055734,51.519879,Slight,17/10/2021,Sunday,56:00.0,Single carriageway,30,Darkness - lights lit,11.80000019,0.800000012,0,10.39999962,10,-0.0009727418053065,0.8991915187790838,189,2021-10-17,
2021,-0.055696,51.514366,Slight,17/10/2021,Sunday,49:00.0,Single carriageway,30,Darkness - lights lit,11.80000019,0.800000012,0,10.39999962,10,-0.0009720785801907,0.8990952987774212,121,2021-10-17,
2021,-0.165906,51.430063,Slight,17/10/2021,Sunday,05:00.0,Dual carriageway,30,Daylight,11.80000019,0.800000012,0,10.39999962,10,-0.0028956059488137,0.8976239338581123,107,2021-10-17,
2021,-0.159564,51.435728,Serious,17/10/2021,Sunday,15:00.0,Single carriageway,30,Daylight,11.80000019,0.800000012,0,10.39999962,10,-0.0027849171676522,0.8977228067602377,75,2021-10-17,
2021,-0.149088,51.514402,Serious,18/10/2021,Monday,06:00.0,Single carriageway,20,Darkness - lights lit,12.89999962,0.300000012,0,12.60000038,10,-0.0026020764752133,0.8990959270959519,153,2021-10-18,
2021,-0.023709,51.474532,Slight,18/10/2021,Monday,20:00.0,Single carriageway,20,Daylight,12.89999962,0.300000012,0,12.60000038,10,-0.0004138001123553,0.8984000643231819,243,2021-10-18,
2021,-0.068339,51.51667,Slight,18/10/2021,Monday,38:00.0,Single carriageway,30,Daylight,12.89999962,0.300000012,0,12.60000038,10,-0.0011927405575204,0.8991355111633872,48,2021-10-18,
2021,-0.024046,51.527317,Slight,18/10/2021,Monday,43:00.0,Single carriageway,30,Daylight,12.89999962,0.300000012,0,12.60000038,10,-0.0004196818719345,0.8993213363688468,95,2021-10-18,
2021,-0.102849,51.590775,Slight,18/10/2021,Monday,55:00.0,Single carriageway,20,Darkness - lights lit,12.89999962,0.300000012,0,12.60000038,10,-0.0017950536823836,0.9004288874055776,175,2021-10-18,
2021,-0.352308,51.527459,Slight,18/10/2021,Monday,03:00.0,Single carriageway,20,Daylight,12.89999962,0.300000012,0,12.60000038,10,-0.0061489345811161,0.8993238147363848,177,2021-10-18,
2021,-0.130564,51.464847,Slight,18/10/2021,Monday,26:00.0,Unknown,30,Daylight,12.89999962,0.300000012,0,12.60000038,10,-0.0022787716845738,0.8982310291851262,104,2021-10-18,
2021,-0.19418,51.538585,Slight,18/10/2021,Monday,27:00.0,Single carriageway,30,Darkness - lights lit,12.89999962,0.300000012,0,12.60000038,10,-0.0033890803415225,0.8995180000689617,109,2021-10-18,
2021,-0.211177,51.468433,Slight,18/10/2021,Monday,07:00.0,Single carriageway,30,Darkness - lights lit,12.89999962,0.300000012,0,12.60000038,10,-0.003685733954484,0.8982936166921026,401,2021-10-18,
2021,-0.093466,51.474114,Serious,18/10/2021,Monday,52:00.0,Single carriageway,20,Darkness - lights lit,12.89999962,0.300000012,0,12.60000038,10,-0.001631289438669,0.8983927688469086,49,2021-10-18,
2021,0.059467,51.519585,Slight,18/10/2021,Monday,05:00.0,Dual carriageway,30,Darkness - lights unlit,12.89999962,0.300000012,0,12.60000038,10,0.0010378949462834,0.8991863875110828,190,2021-10-18,
2021,-0.075434,51.548711,Slight,18/10/2021,Monday,16:00.0,Single carriageway,20,Darkness - lights lit,12.89999962,0.300000012,0,12.60000038,10,-0.0013165716679494,0.8996947321090186,159,2021-10-18,
2021,0.069409,51.536991,Slight,18/10/2021,Monday,15:00.0,Roundabout,20,Darkness - lights lit,12.89999962,0.300000012,0,12.60000038,10,0.0012114155805167,0.8994901795206849,9,2021-10-18,
2021,-0.125283,51.494636,Slight,15/10/2021,Friday,25:00.0,Roundabout,20,Darkness - lights lit,11.0,0.0,0,9.800000191,10,-0.002186600846776,0.8987509453160026,98,2021-10-15,
2021,-0.190024,51.384719,Slight,19/10/2021,Tuesday,00:00.0,Roundabout,30,Daylight,17.10000038,1.5,0,21.5,10,-0.0033165444578097,0.8968325317620881,196,2021-10-19,
2021,-0.016655,51.452237,Slight,19/10/2021,Tuesday,45:00.0,Dual carriageway,30,Daylight,17.10000038,1.5,0,21.5,10,-0.0002906845869196,0.8980109431664496,313,2021-10-19,
2021,0.181194,51.57137,Slight,19/10/2021,Tuesday,44:00.0,Roundabout,30,Darkness - lights lit,17.10000038,1.5,0,21.5,10,0.0031624318848586,0.9000902062642281,409,2021-10-19,
2021,-0.070414,51.588969,Slight,16/10/2021,Saturday,30:00.0,Roundabout,20,Darkness - lights lit,10.60000038,0.0,0,7.099999905,10,-0.0012289561394992,0.9003973667592866,119,2021-10-16,
2021,-0.131082,51.425368,Serious,19/10/2021,Tuesday,10:00.0,Single carriageway,20,Daylight,17.10000038,1.5,0,21.5,10,-0.0022878124900992,0.8975419906497313,298,2021-10-19,
2021,-0.085948,51.574872,Slight,19/10/2021,Tuesday,07:00.0,Single carriageway,30,Daylight,17.10000038,1.5,0,21.5,10,-0.001500075585504,0.9001513276946328,89,2021-10-19,
2021,-0.16751,51.530132,Serious,20/10/2021,Wednesday,03:00.0,Roundabout,20,Daylight,14.80000019,18.29999924,0,21.0,10,-0.0029236010300157,0.8993704673872907,361,2021-10-20,
2021,-0.033672,51.525411,Slight,20/10/2021,Wednesday,20:00.0,Dual carriageway,20,Daylight,14.80000019,18.29999924,0,21.0,10,-0.0005876872657315,0.8992880703933039,80,2021-10-20,
2021,-0.167073,51.463822,Slight,14/10/2021,Thursday,15:00.0,Single carriageway,20,Daylight,11.39999962,0.0,0,12.60000038,10,-0.0029159739411844,0.8982131395602932,426,2021-10-14,
2021,-0.114816,51.393839,Slight,12/10/2021,Tuesday,00:00.0,Roundabout,20,Darkness - lights lit,10.10000038,0.0,0,11.60000038,10,-0.0020039172339698,0.89699170578987,32,2021-12-10,
2021,-0.092685,51.494209,Slight,20/10/2021,Wednesday,44:00.0,Dual carriageway,30,Daylight,14.80000019,18.29999924,0,21.0,10,-0.0016176584172109,0.8987434927600966,2,2021-10-20,
2021,0.029711,51.525302,Slight,20/10/2021,Wednesday,45:00.0,Single carriageway,30,Darkness - lights lit,14.80000019,18.29999924,0,21.0,10,0.00051855477406,0.8992861679844193,268,2021-10-20,
2021,-0.192772,51.456487,Serious,21/10/2021,Thursday,55:00.0,Single carriageway,20,Darkness - lights lit,8.600000381,20.10000038,0,19.89999962,10,-0.0033645061056545,0.8980851196596594,223,2021-10-21,
2021,-0.10316,51.378525,Slight,20/10/2021,Wednesday,05:00.0,Dual carriageway,20,Darkness - lights lit,14.80000019,18.29999924,0,21.0,10,-0.0018004816563573,0.8967244260682197,113,2021-10-20,
2021,-0.055233,51.49917,Slight,18/10/2021,Monday,20:00.0,Roundabout,20,Darkness - lights lit,12.89999962,0.300000012,0,12.60000038,10,-0.000963997705754,0.8988300785442882,304,2021-10-18,
2021,-0.124596,51.441856,Slight,21/10/2021,Thursday,22:00.0,Dual carriageway,30,Darkness - lights lit,8.600000381,20.10000038,0,19.89999962,10,-0.0021746104348148,0.8978297605368002,324,2021-10-21,
2021,-0.117152,51.460864,Serious,06/09/2021,Monday,10:00.0,Dual carriageway,30,Daylight,19.39999962,0.0,0,7.300000191,9,-0.0020446881252963,0.8981615127210192,77,2021-06-09,
2021,-0.126908,51.507719,Slight,21/10/2021,Thursday,40:00.0,Roundabout,30,Daylight,8.600000381,20.10000038,0,19.89999962,10,-0.0022149624471209,0.8989792867420412,140,2021-10-21,
2021,-0.102861,51.465616,Slight,21/10/2021,Thursday,01:00.0,Single carriageway,30,Daylight,8.600000381,20.10000038,0,19.89999962,10,-0.0017952631218938,0.8982444507670739,162,2021-10-21,
2021,-0.08098,51.490943,Slight,21/10/2021,Thursday,58:00.0,Dual carriageway,30,Daylight,8.600000381,20.10000038,0,19.89999962,10,-0.001413367628265,0.8986864903067266,39,2021-10-21,
2021,0.083652,51.528367,Slight,21/10/2021,Thursday,35:00.0,Dual carriageway,50,Daylight,8.600000381,20.10000038,0,19.89999962,10,0.0014600028258782,0.8993396623259929,422,2021-10-21,
2021,-0.040133,51.530734,Slight,11/10/2021,Monday,30:00.0,Unknown,20,Darkness - lights lit,10.10000038,0.0,0,10.10000038,10,-0.0007004529887028,0.8993809742693876,332,2021-11-10,
2021,-0.182439,51.464062,Slight,21/10/2021,Thursday,57:00.0,Single carriageway,20,Daylight,8.600000381,20.10000038,0,19.89999962,10,-0.0031841612340459,0.8982173283504978,376,2021-10-21,
2021,-0.189134,51.478239,Slight,21/10/2021,Thursday,30:00.0,Single carriageway,20,Daylight,8.600000381,20.10000038,0,19.89999962,10,-0.0033010110274669,0.8984647636785532,139,2021-10-21,
2021,-0.253525,51.558745,Slight,22/10/2021,Friday,00:00.0,Slip road,40,Daylight,7.699999809,0.0,0,14.39999962,10,-0.0044248459861186,0.8998698584461637,50,2021-10-22,
2021,-0.112478,51.470519,Slight,15/10/2021,Friday,00:00.0,Single carriageway,30,Darkness - lights lit,11.0,0.0,0,9.800000191,10,-0.0019631114360581,0.8983300242602994,297,2021-10-15,
2021,-0.152297,51.506351,Slight,22/10/2021,Friday,30:00.0,Unknown,20,Daylight,7.699999809,0.0,0,14.39999962,10,-0.0026580840909098,0.898955410637874,384,2021-10-22,
2021,-0.016575,51.464709,Slight,22/10/2021,Friday,48:00.0,Single carriageway,30,Darkness - lights lit,7.699999809,0.0,0,14.39999962,10,-0.000289288323518,0.8982286206307584,293,2021-10-22,
2021,-0.128206,51.435196,Slight,22/10/2021,Friday,20:00.0,Dual carriageway,30,Darkness - lights lit,7.699999809,0.0,0,14.39999962,10,-0.0022376168208118,0.8977135216086173,31,2021-10-22,
2021,-0.075919,51.528333,Serious,21/10/2021,Thursday,40:00.0,Unknown,20,Daylight,8.600000381,20.10000038,0,19.89999962,10,-0.0013250365148215,0.8993390689140474,261,2021-10-21,
2021,-0.211146,51.468478,Slight,22/10/2021,Friday,38:00.0,Single carriageway,30,Daylight,7.699999809,0.0,0,14.39999962,10,-0.0036851929024159,0.898294402090266,401,2021-10-22,
2021,-0.122,51.451122,Serious,22/10/2021,Friday,10:00.0,Unknown,20,Daylight,7.699999809,0.0,0,14.39999962,10,-0.002129301687433,0.8979914827452898,278,2021-10-22,
2021,-0.370801,51.546142,Slight,23/10/2021,Saturday,00:00.0,Single carriageway,20,Daylight,8.0,0.0,0,9.300000191,10,-0.0064716983196874,0.8996498946005349,255,2021-10-23,
2021,-0.137946,51.525035,Serious,14/10/2021,Thursday,45:00.0,Single carriageway,30,Daylight,11.39999962,0.0,0,12.60000038,10,-0.002407611889956,0.8992815079553165,92,2021-10-14,
2021,-0.353249,51.527742,Slight,23/10/2021,Saturday,13:00.0,Single carriageway,20,Daylight,8.0,0.0,0,9.300000191,10,-0.0061653581293774,0.899328754018168,177,2021-10-23,
2021,-0.144281,51.514965,Slight,23/10/2021,Saturday,51:00.0,One way street,20,Daylight,8.0,0.0,0,9.300000191,10,-0.0025181784980699,0.8991057532996406,91,2021-10-23,
2021,-0.170659,51.478923,Slight,23/10/2021,Saturday,10:00.0,Single carriageway,30,Darkness - lights lit,8.0,0.0,0,9.300000191,10,-0.002978561448161,0.8984767017306369,193,2021-10-23,
2021,-0.038071,51.475421,Slight,22/10/2021,Friday,15:00.0,Unknown,20,Darkness - lights lit,7.699999809,0.0,0,14.39999962,10,-0.0006644642995267,0.8984155803002319,314,2021-10-22,
2021,-0.167342,51.518178,Slight,23/10/2021,Saturday,42:00.0,Unknown,20,Darkness - lights unlit,8.0,0.0,0,9.300000191,10,-0.0029206688768723,0.8991618307285072,368,2021-10-23,
2021,-0.092127,51.47411,Slight,24/10/2021,Sunday,30:00.0,Single carriageway,30,Darkness - lights lit,10.80000019,0.0,0,13.10000038,10,-0.0016079194799848,0.8983926990337383,49,2021-10-24,
2021,-0.182255,51.495137,Serious,16/10/2021,Saturday,20:00.0,Dual carriageway,30,Daylight,10.60000038,0.0,0,7.099999905,10,-0.0031809498282222,0.8987596894155552,282,2021-10-16,
2021,-0.129323,51.431446,Slight,24/10/2021,Sunday,35:00.0,Single carriageway,30,Daylight,10.80000019,0.0,0,13.10000038,10,-0.0022571121485566,0.8976480717616675,206,2021-10-24,
2021,-0.073205,51.565292,Slight,22/10/2021,Friday,48:00.0,Dual carriageway,20,Darkness - lights lit,7.699999809,0.0,0,14.39999962,10,-0.0012776682789224,0.8999841251522919,103,2021-10-22,
2021,-0.047297,51.521672,Serious,24/10/2021,Sunday,22:00.0,Dual carriageway,20,Daylight,10.80000019,0.0,0,13.10000038,10,-0.0008254883763157,0.899222812532572,202,2021-10-24,
2021,-0.149786,51.502876,Slight,22/10/2021,Friday,30:00.0,One way street,30,Darkness - lights lit,7.699999809,0.0,0,14.39999962,10,-0.0026142588733922,0.8988947604463671,169,2021-10-22,
2021,-0.092155,51.47412,Slight,24/10/2021,Sunday,16:00.0,One way street,20,Daylight,10.80000019,0.0,0,13.10000038,10,-0.0016084081721753,0.8983928735666636,49,2021-10-24,
2021,0.014674,51.446235,Serious,24/10/2021,Sunday,00:00.0,Single carriageway,30,Darkness - lights lit,10.80000019,0.0,0,13.10000038,10,0.0002561096144376,0.8979061885047449,137,2021-10-24,
2021,-0.127301,51.50831,Slight,25/10/2021,Monday,45:00.0,Single carriageway,20,Darkness - lights lit,11.0,0.5,0,11.89999962,10,-0.0022218215910813,0.8989896016379204,140,2021-10-25,
2021,-0.030522,51.525924,Slight,18/10/2021,Monday,45:00.0,Dual carriageway,30,Daylight,12.89999962,0.300000012,0,12.60000038,10,-0.0005327093942937,0.8992970239323668,333,2021-10-18,
2021,-0.225081,51.505271,Slight,25/10/2021,Monday,15:00.0,Unknown,30,Daylight,11.0,0.5,0,11.89999962,10,-0.0039284045336813,0.8989365610819523,235,2021-10-25,
2021,-0.133637,51.510902,Slight,10/10/2021,Sunday,15:00.0,Unknown,20,Darkness - lighting unknown,12.5,0.0,0,9.300000191,10,-0.0023324056524876,0.8990348405721322,167,2021-10-10,
2021,-0.062589,51.517663,Slight,16/10/2021,Saturday,35:00.0,Single carriageway,20,Darkness - lights lit,10.60000038,0.0,0,7.099999905,10,-0.0010923841255307,0.8991528422828594,328,2021-10-16,
2021,-0.126089,51.500989,Slight,24/10/2021,Sunday,36:00.0,Single carriageway,20,Daylight,10.80000019,0.0,0,13.10000038,10,-0.0022006682005471,0.8988618260833819,85,2021-10-24,
2021,-0.330898,51.455324,Slight,24/10/2021,Sunday,20:00.0,Unknown,30,Darkness - lighting unknown,10.80000019,0.0,0,13.10000038,10,-0.0057752595882641,0.8980648214804587,442,2021-10-24,
2021,-0.046894,51.49136,Slight,10/10/2021,Sunday,29:00.0,Slip road,20,Daylight,12.5,0.0,0,9.300000191,10,-0.0008184546994302,0.8986937683297073,424,2021-10-10,
2021,-0.061545,51.509328,Slight,25/10/2021,Monday,30:00.0,Dual carriageway,30,Darkness - lights lit,11.0,0.5,0,11.89999962,10,-0.0010741628881399,0.8990073690897057,330,2021-10-25,
2021,-0.041819,51.512957,Slight,25/10/2021,Monday,01:00.0,Dual carriageway,30,Darkness - lights lit,11.0,0.5,0,11.89999962,10,-0.0007298792398915,0.8990707070882605,7,2021-10-25,
2021,-0.069507,51.594017,Serious,25/10/2021,Monday,15:00.0,Single carriageway,30,Darkness - lights lit,11.0,0.5,0,11.89999962,10,-0.0012131260031836,0.9004854709799273,60,2021-10-25,
2021,-0.111284,51.38782,Slight,25/10/2021,Monday,00:00.0,Single carriageway,30,Darkness - lights lit,11.0,0.5,0,11.89999962,10,-0.0019422722047893,0.8968866544221925,408,2021-10-25,
2021,-0.133408,51.526366,Slight,25/10/2021,Monday,30:00.0,Single carriageway,30,Darkness - lights lit,11.0,0.5,0,11.89999962,10,-0.0023284088485005,0.8993047382876607,188,2021-10-25,
2021,-0.112561,51.498856,Serious,14/10/2021,Thursday,10:00.0,Dual carriageway,30,Daylight,11.39999962,0.0,0,12.60000038,10,-0.0019645600593373,0.8988245982104369,312,2021-10-14,
2021,-0.095975,51.570781,Slight,26/10/2021,Tuesday,00:00.0,Single carriageway,30,Daylight,11.39999962,0.5,0,14.69999981,10,-0.0016750797496015,0.9000799262749338,101,2021-10-26,
2021,-0.17423,51.523627,Slight,25/10/2021,Monday,49:00.0,Single carriageway,30,Darkness - lights lit,11.0,0.5,0,11.89999962,10,-0.0030408871557497,0.8992569337194484,133,2021-10-25,
2021,-0.099246,51.579908,Slight,25/10/2021,Monday,30:00.0,Single carriageway,20,Darkness - lights lit,11.0,0.5,0,11.89999962,10,-0.0017321694694342,0.9002392224757634,430,2021-10-25,
2021,-0.166095,51.472422,Slight,26/10/2021,Tuesday,43:00.0,Single carriageway,20,Daylight,11.39999962,0.5,0,14.69999981,10,-0.0028989046210999,0.8983632378759646,246,2021-10-26,
2021,-0.047763,51.521572,Slight,26/10/2021,Tuesday,30:00.0,Single carriageway,30,Darkness - lights lit,11.39999962,0.5,0,14.69999981,10,-0.00083362161063,0.8992210672033198,202,2021-10-26,
2021,-0.046136,51.521869,Serious,27/10/2021,Wednesday,03:00.0,Single carriageway,30,Darkness - lights lit,13.89999962,0.0,0,20.79999924,10,-0.0008052251037001,0.8992262508311984,202,2021-10-27,
2021,-0.24824,51.584367,Slight,27/10/2021,Wednesday,55:00.0,Single carriageway,30,Daylight,13.89999962,0.0,0,20.79999924,10,-0.0043326053351507,0.9003170467071098,339,2021-10-27,
2021,-0.114832,51.393453,Slight,26/10/2021,Tuesday,16:00.0,Dual carriageway,30,Daylight,11.39999962,0.5,0,14.69999981,10,-0.0020041964866501,0.8969849688189573,32,2021-10-26,
2021,-0.092279,51.441109,Slight,27/10/2021,Wednesday,03:00.0,Unknown,50,Daylight,13.89999962,0.0,0,20.79999924,10,-0.0016105723804478,0.8978167229272876,3,2021-10-27,
2021,-0.077492,51.522828,Slight,27/10/2021,Wednesday,20:00.0,One way street,20,Daylight,13.89999962,0.0,0,20.79999924,10,-0.0013524905439554,0.899242988538725,108,2021-10-27,
2021,-0.207273,51.4909,Slight,28/10/2021,Thursday,00:00.0,Dual carriageway,30,Daylight,12.80000019,0.0,0,17.89999962,10,-0.0036175963004862,0.8986857398151482,186,2021-10-28,
2021,0.001508,51.540643,Slight,28/10/2021,Thursday,40:00.0,Single carriageway,30,Daylight,12.80000019,0.0,0,17.89999962,10,2.6319565120074488e-05,0.8995539189449677,267,2021-10-28,
2021,-0.152691,51.443471,Slight,27/10/2021,Wednesday,00:00.0,Unknown,30,Daylight,13.89999962,0.0,0,20.79999924,10,-0.0026649606881626,0.8978579476042199,44,2021-10-27,
2021,-0.192394,51.488657,Slight,28/10/2021,Thursday,50:00.0,One way street,30,Daylight,12.80000019,0.0,0,17.89999962,10,-0.0033579087610819,0.8986465920800261,281,2021-10-28,
2021,-0.217162,51.460772,Slight,28/10/2021,Thursday,34:00.0,Single carriageway,20,Daylight,12.80000019,0.0,0,17.89999962,10,-0.0037901919102159,0.8981599070181073,138,2021-10-28,
2021,-0.133224,51.510086,Slight,28/10/2021,Thursday,00:00.0,Dual carriageway,20,Daylight,12.80000019,0.0,0,17.89999962,10,-0.0023251974426769,0.8990205986854358,366,2021-10-28,
2021,-0.130269,51.50798,Slight,27/10/2021,Wednesday,15:00.0,Single carriageway,20,Darkness - lights lit,13.89999962,0.0,0,20.79999924,10,-0.0022736229632804,0.8989838420513889,440,2021-10-27,
2021,0.053885,51.533595,Slight,28/10/2021,Thursday,36:00.0,Single carriageway,30,Daylight,12.80000019,0.0,0,17.89999962,10,0.0009404706674371,0.8994309081392872,6,2021-10-28,
2021,-0.121615,51.473121,Slight,28/10/2021,Thursday,55:00.0,Single carriageway,30,Darkness - lights lit,12.80000019,0.0,0,17.89999962,10,-0.0021225821698129,0.8983754377274361,207,2021-10-28,
2021,-0.172955,51.481639,Serious,28/10/2021,Thursday,35:00.0,Single carriageway,20,Darkness - lights lit,12.80000019,0.0,0,17.89999962,10,-0.0030186342077867,0.898524104873121,1,2021-10-28,
2021,0.029685,51.525374,Slight,22/10/2021,Friday,58:00.0,Single carriageway,30,Daylight,7.699999809,0.0,0,14.39999962,10,0.0005181009884545,0.8992874246214808,268,2021-10-22,
2021,-0.238034,51.506402,Slight,29/10/2021,Friday,40:00.0,Single carriageway,20,Darkness - lights lit,12.39999962,1.5,0,19.89999962,10,-0.0041544770316921,0.8989563007557924,404,2021-10-29,
2021,-0.029729,51.517251,Slight,28/10/2021,Thursday,26:00.0,Single carriageway,30,Darkness - lights lit,12.80000019,0.0,0,17.89999962,10,-0.0005188689333253,0.8991456515263413,203,2021-10-28,
2021,-0.182821,51.495038,Slight,29/10/2021,Friday,18:00.0,Dual carriageway,30,Darkness - lights lit,12.39999962,1.5,0,19.89999962,10,-0.0031908283917885,0.8987579615395956,282,2021-10-29,
2021,-0.217373,51.504849,Slight,29/10/2021,Friday,10:00.0,Roundabout,30,Darkness - lights lit,12.39999962,1.5,0,19.89999962,10,-0.0037938745549376,0.8989291957925089,111,2021-10-29,
2021,-0.129913,51.512812,Slight,28/10/2021,Thursday,47:00.0,Single carriageway,20,Darkness - lights lit,12.80000019,0.0,0,17.89999962,10,-0.0022674095911433,0.8990681763608451,178,2021-10-28,
2021,-0.157299,51.521663,Slight,29/10/2021,Friday,30:00.0,Single carriageway,30,Daylight,12.39999962,1.5,0,19.89999962,10,-0.0027453854600945,0.8992226554529392,56,2021-10-29,
2021,-0.082944,51.577664,Slight,29/10/2021,Friday,04:00.0,Dual carriageway,20,Daylight,12.39999962,1.5,0,19.89999962,10,-0.0014476458947741,0.9002000572873486,199,2021-10-29,
2021,-0.193989,51.538663,Serious,29/10/2021,Friday,25:00.0,Single carriageway,20,Daylight,12.39999962,1.5,0,19.89999962,10,-0.0033857467626512,0.8995193614257784,109,2021-10-29,
2021,-0.07752,51.474231,Slight,28/10/2021,Thursday,35:00.0,Single carriageway,30,Darkness - lights lit,12.80000019,0.0,0,17.89999962,10,-0.001352979236146,0.8983948108821332,292,2021-10-28,
2021,-0.35226,51.527575,Slight,29/10/2021,Friday,15:00.0,Single carriageway,30,Daylight,12.39999962,1.5,0,19.89999962,10,-0.0061480968230752,0.8993258393183172,177,2021-10-29,
2021,-0.159889,51.435518,Slight,29/10/2021,Friday,00:00.0,One way street,20,Daylight,12.39999962,1.5,0,19.89999962,10,-0.0027905894877212,0.8977191415688087,75,2021-10-29,
2021,-0.147813,51.476541,Slight,29/10/2021,Friday,50:00.0,Single carriageway,20,Darkness - lights lit,12.39999962,1.5,0,19.89999962,10,-0.0025798235272503,0.8984351279878543,14,2021-10-29,
2021,-0.192847,51.488511,Slight,27/10/2021,Wednesday,17:00.0,Dual carriageway,20,Daylight,13.89999962,0.0,0,20.79999924,10,-0.0033658151025935,0.8986440438993182,281,2021-10-27,
2021,-0.17383,51.49506,Slight,29/10/2021,Friday,38:00.0,Single carriageway,20,Daylight,12.39999962,1.5,0,19.89999962,10,-0.0030339058387417,0.8987583455120313,342,2021-10-29,
2021,-0.152909,51.523995,Slight,29/10/2021,Friday,20:00.0,Single carriageway,20,Darkness - lights lit,12.39999962,1.5,0,19.89999962,10,-0.002668765505932,0.8992633565310958,182,2021-10-29,
2021,-0.085688,51.526074,Serious,29/10/2021,Friday,30:00.0,One way street,30,Darkness - lights lit,12.39999962,1.5,0,19.89999962,10,-0.0014955377294489,0.8992996419262448,25,2021-10-29,
2021,-0.055299,51.547344,Slight,29/10/2021,Friday,54:00.0,Single carriageway,20,Darkness - lights lit,12.39999962,1.5,0,19.89999962,10,-0.0009651496230603,0.899670873458144,42,2021-10-29,
2021,-0.140783,51.573218,Slight,30/10/2021,Saturday,16:00.0,Single carriageway,20,Darkness - lights lit,10.60000038,2.0,0,13.69999981,10,-0.0024571268808351,0.9001224599488048,411,2021-10-30,
2021,-0.005429,51.535339,Slight,30/10/2021,Saturday,27:00.0,Dual carriageway,30,Daylight,10.60000038,2.0,0,13.69999981,10,-9.475392509077214e-05,0.8994613466814421,125,2021-10-30,
2021,-0.055681,51.556658,Slight,29/10/2021,Friday,10:00.0,Single carriageway,30,Darkness - lighting unknown,12.39999962,1.5,0,19.89999962,10,-0.0009718167808029,0.8998334334246746,263,2021-10-29,
2021,-0.052156,51.520638,Slight,30/10/2021,Saturday,40:00.0,Single carriageway,30,Daylight,10.60000038,2.0,0,13.69999981,10,-0.0009102939246701,0.8992047658281064,41,2021-10-30,
2021,-0.041833,51.512966,Slight,30/10/2021,Saturday,22:00.0,Single carriageway,30,Darkness - lights lit,10.60000038,2.0,0,13.69999981,10,-0.0007301235859867,0.8990708641678933,7,2021-10-30,
2021,-0.059848,51.514678,Slight,31/10/2021,Sunday,05:00.0,Single carriageway,30,Darkness - lights lit,10.30000019,2.0,0,21.20000076,10,-0.0010445446507335,0.8991007442046874,100,2021-10-31,
2021,-0.156119,51.514117,Slight,31/10/2021,Sunday,30:00.0,Single carriageway,20,Darkness - lights lit,10.30000019,2.0,0,21.20000076,10,-0.002724790574921,0.8990909529075838,382,2021-10-31,
2021,-0.105838,51.422561,Slight,31/10/2021,Sunday,04:00.0,Single carriageway,20,Daylight,10.30000019,2.0,0,21.20000076,10,-0.0018472215737257,0.8974929992576278,127,2021-10-31,
2021,-0.157137,51.511031,Serious,30/10/2021,Saturday,53:00.0,One way street,30,Daylight,10.60000038,2.0,0,13.69999981,10,-0.0027425580267063,0.8990370920468673,436,2021-10-30,
2021,-0.217499,51.50459,Slight,31/10/2021,Sunday,25:00.0,Roundabout,30,Daylight,10.30000019,2.0,0,21.20000076,10,-0.0037960736697951,0.8989246753897463,111,2021-10-31,
2021,-0.086021,51.574504,Slight,31/10/2021,Sunday,21:00.0,Dual carriageway,20,Darkness - lights lit,10.30000019,2.0,0,21.20000076,10,-0.001501349675858,0.9001449048829855,89,2021-10-31,
2021,-0.120366,51.453739,Slight,31/10/2021,Sunday,20:00.0,Single carriageway,30,Darkness - lights lit,10.30000019,2.0,0,21.20000076,10,-0.0021007830074554,0.8980371580118145,34,2021-10-31,
2021,-0.162677,51.461065,Slight,31/10/2021,Sunday,40:00.0,Single carriageway,20,Daylight,10.30000019,2.0,0,21.20000076,10,-0.0028392492672668,0.8981650208328157,70,2021-10-31,
2021,-0.03065,51.568381,Slight,31/10/2021,Sunday,45:00.0,Unknown,20,Darkness - lights lit,10.30000019,2.0,0,21.20000076,10,-0.0005349434157362,0.9000380383728859,379,2021-10-31,
2021,-0.103176,51.465315,Slight,31/10/2021,Sunday,26:00.0,Slip road,20,Darkness - lights lit,10.30000019,2.0,0,21.20000076,10,-0.0018007609090376,0.8982391973260254,162,2021-10-31,
2021,-0.048035,51.476118,Slight,01/11/2021,Monday,09:00.0,Dual carriageway,30,Darkness - lights lit,9.100000381,7.900000095,0,18.10000038,11,-0.0008383689061954,0.8984277452451184,445,2021-01-11,
2021,-0.075006,51.474082,Slight,19/10/2021,Tuesday,30:00.0,Single carriageway,30,Darkness - lights lit,17.10000038,1.5,0,21.5,10,-0.0013091016587508,0.8983922103415479,306,2021-10-19,
2021,-0.189631,51.384488,Slight,25/10/2021,Monday,32:00.0,Roundabout,30,Daylight,11.0,0.5,0,11.89999962,10,-0.0033096853138493,0.896828500051516,196,2021-10-25,
2021,-0.075739,51.545928,Slight,21/10/2021,Thursday,30:00.0,Single carriageway,20,Daylight,8.600000381,20.10000038,0,19.89999962,10,-0.0013218949221679,0.8996461595959357,76,2021-10-21,
2021,-0.074556,51.399587,Slight,01/11/2021,Monday,10:00.0,Dual carriageway,20,Daylight,9.100000381,7.900000095,0,18.10000038,11,-0.0013012476771168,0.8970920273152746,371,2021-01-11,
2021,-0.148272,51.476234,Slight,01/11/2021,Monday,53:00.0,Single carriageway,20,Daylight,9.100000381,7.900000095,0,18.10000038,11,-0.002587834588517,0.8984297698270507,14,2021-01-11,
2021,-0.076459,51.540832,Slight,31/10/2021,Sunday,30:00.0,Single carriageway,30,Darkness - lights lit,10.30000019,2.0,0,21.20000076,10,-0.0013344612927823,0.8995572176172542,27,2021-10-31,
2021,-0.141964,51.515225,Slight,01/11/2021,Monday,21:00.0,Single carriageway,30,Daylight,9.100000381,7.900000095,0,18.10000038,11,-0.0024777392193012,0.8991102911556959,24,2021-01-11,
2021,-0.130508,51.46481,Slight,29/10/2021,Friday,15:00.0,Dual carriageway,30,Daylight,12.39999962,1.5,0,19.89999962,10,-0.0022777943001927,0.8982303834133029,104,2021-10-29,
2021,-0.101049,51.495748,Slight,01/11/2021,Monday,46:00.0,Unknown,20,Daylight,9.100000381,7.900000095,0,18.10000038,11,-0.0017636377558477,0.898770353377285,0,2021-01-11,
2021,-0.124485,51.486368,Slight,01/11/2021,Monday,22:00.0,One way street,20,Darkness - lights lit,9.100000381,7.900000095,0,18.10000038,11,-0.0021726731193451,0.8986066414934478,239,2021-01-11,
2021,-0.159291,51.514077,Slight,01/11/2021,Monday,00:00.0,Dual carriageway,20,Darkness - lights lit,9.100000381,7.900000095,0,18.10000038,11,-0.0027801524187942,0.899090254775883,165,2021-01-11,
2021,-0.218991,51.57676,Slight,01/11/2021,Monday,38:00.0,Roundabout,30,Darkness - lights lit,9.100000381,7.900000095,0,18.10000038,11,-0.0038221139822349,0.9001842795109105,373,2021-01-11,
2021,-0.12836,51.511313,Slight,01/11/2021,Monday,55:00.0,Single carriageway,20,Darkness - lights lit,9.100000381,7.900000095,0,18.10000038,11,-0.0022403046278599,0.8990420138753578,365,2021-01-11,
2021,-0.01314,51.457951,Slight,06/10/2021,Wednesday,29:00.0,Unknown,20,Daylight,11.30000019,0.300000012,0,22.10000038,10,-0.000229336263712,0.8981106712799086,185,2021-06-10,
2021,0.054642,51.532808,Slight,01/11/2021,Monday,10:00.0,Unknown,30,Daylight,9.100000381,7.900000095,0,18.10000038,11,0.0009536828098747,0.8994171723980741,6,2021-01-11,
2021,-0.022252,51.527791,Slight,30/10/2021,Saturday,05:00.0,Single carriageway,30,Darkness - lights lit,10.60000038,2.0,0,13.69999981,10,-0.0003883706651537,0.8993296092295014,95,2021-10-30,
2021,-0.250213,51.513868,Serious,01/11/2021,Monday,45:00.0,Dual carriageway,40,Darkness - lighting unknown,9.100000381,7.900000095,0,18.10000038,11,-0.0043670406812925,0.8990866070377462,226,2021-01-11,
2021,-0.068478,51.5948,Slight,31/10/2021,Sunday,30:00.0,Single carriageway,20,Darkness - lights lit,10.30000019,2.0,0,21.20000076,10,-0.0011951665651806,0.9004991369079702,60,2021-10-31,
2021,-0.193675,51.555681,Slight,02/11/2021,Tuesday,20:00.0,Dual carriageway,30,Daylight,5.900000095,0.0,0,6.5,11,-0.0033802664288,0.8998163815578827,385,2021-02-11,
2021,-0.12458,51.441882,Slight,01/11/2021,Monday,40:00.0,Dual carriageway,30,Darkness - lights lit,9.100000381,7.900000095,0,18.10000038,11,-0.0021743311821345,0.8978302143224056,324,2021-01-11,
2021,-0.118664,51.455583,Serious,02/11/2021,Tuesday,35:00.0,Single carriageway,20,Darkness - lights lit,5.900000095,0.0,0,6.5,11,-0.0020710775035865,0.8980693418832213,34,2021-02-11,
2021,-0.072941,51.563355,Slight,02/11/2021,Tuesday,10:00.0,One way street,20,Darkness - lights lit,5.900000095,0.0,0,6.5,11,-0.0012730606096971,0.8999503181246807,181,2021-02-11,
2021,-0.172771,51.482274,Slight,02/11/2021,Tuesday,03:00.0,Dual carriageway,20,Daylight,5.900000095,0.0,0,6.5,11,-0.0030154228019631,0.8985351877138712,1,2021-02-11,
2021,-0.226767,51.582732,Slight,03/11/2021,Wednesday,33:00.0,Dual carriageway,30,Darkness - lights lit,5.199999809,0.300000012,0,11.0,11,-0.0039578307848699,0.9002885105738397,69,2021-03-11,
2021,-0.07358,51.508942,Slight,22/10/2021,Friday,20:00.0,Unknown,20,Darkness - lights lit,7.699999809,0.0,0,14.39999962,10,-0.0012842132636174,0.899000632118793,20,2021-10-22,
2021,-0.138396,51.525312,Slight,18/10/2021,Monday,25:00.0,Unknown,20,Daylight,12.89999962,0.300000012,0,12.60000038,10,-0.00241546587159,0.8992863425173445,92,2021-10-18,
2021,0.014862,51.446259,Slight,03/11/2021,Wednesday,00:00.0,Single carriageway,30,Daylight,5.199999809,0.300000012,0,11.0,11,0.0002593908334313,0.8979066073837654,137,2021-03-11,
2021,-0.078024,51.52798,Slight,03/11/2021,Wednesday,00:00.0,Single carriageway,20,Daylight,5.199999809,0.300000012,0,11.0,11,-0.001361775695576,0.8993329079017877,230,2021-03-11,
2021,-0.077491,51.47424,Slight,02/11/2021,Tuesday,40:00.0,Single carriageway,30,Darkness - lights lit,5.900000095,0.0,0,6.5,11,-0.0013524730906629,0.898394967961766,292,2021-02-11,
2021,-0.292504,51.529895,Slight,01/11/2021,Monday,44:00.0,One way street,30,Darkness - lights lit,9.100000381,7.900000095,0,18.10000038,11,-0.0051051578752534,0.8993663309569635,234,2021-01-11,
2021,-0.049992,51.521016,Slight,03/11/2021,Wednesday,44:00.0,Single carriageway,20,Darkness - lights lit,5.199999809,0.300000012,0,11.0,11,-0.000872524999657,0.8992113631726789,118,2021-03-11,
2021,-0.377653,51.507166,Slight,03/11/2021,Wednesday,00:00.0,Single carriageway,20,Darkness - lights lit,5.199999809,0.300000012,0,11.0,11,-0.0065912882800341,0.8989696350712777,209,2021-03-11,
2021,-0.217452,51.504679,Slight,03/11/2021,Wednesday,40:00.0,Roundabout,30,Daylight,5.199999809,0.300000012,0,11.0,11,-0.0037952533650467,0.8989262287327806,111,2021-03-11,
2021,-0.072422,51.486207,Serious,03/11/2021,Wednesday,52:00.0,Dual carriageway,30,Darkness - lights lit,5.199999809,0.300000012,0,11.0,11,-0.0012640023508793,0.8986038315133521,449,2021-03-11,
2021,-0.03899,51.512712,Slight,04/11/2021,Thursday,00:00.0,Single carriageway,30,Darkness - lights lit,5.5,0.5,0,19.70000076,11,-0.0006805038753525,0.8990664310315932,334,2021-04-11,
2021,-0.082989,51.525805,Slight,04/11/2021,Thursday,25:00.0,One way street,20,Darkness - lights lit,5.5,0.5,0,19.70000076,11,-0.0014484312929375,0.8992949469905568,25,2021-04-11,
2021,-0.024052,51.444592,Slight,23/10/2021,Saturday,00:00.0,Single carriageway,30,Darkness - lighting unknown,8.0,0.0,0,9.300000191,10,-0.0004197865916896,0.8978775127451347,164,2021-10-23,
2021,-0.101574,51.477555,Serious,04/11/2021,Thursday,55:00.0,Single carriageway,20,Daylight,5.5,0.5,0,19.70000076,11,-0.0017728007344207,0.8984528256264696,8,2021-04-11,
2021,-0.199838,51.493124,Slight,04/11/2021,Thursday,26:00.0,Dual carriageway,30,Daylight,5.5,0.5,0,19.70000076,11,-0.0034878310706004,0.8987245559377126,61,2021-04-11,
2021,-0.371037,51.532639,Slight,04/11/2021,Thursday,16:00.0,Roundabout,20,Daylight,5.5,0.5,0,19.70000076,11,-0.0064758172967222,0.8994142227916382,254,2021-04-11,
2021,-0.04216,51.510706,Slight,30/10/2021,Saturday,20:00.0,One way street,30,Darkness - lights lit,10.60000038,2.0,0,13.69999981,10,-0.0007358308126408,0.8990314197267982,145,2021-10-30,
2021,-0.091336,51.494097,Slight,04/11/2021,Thursday,30:00.0,Single carriageway,20,Daylight,5.5,0.5,0,19.70000076,11,-0.0015941139256015,0.8987415379913344,2,2021-04-11,
2021,-0.05491,51.498652,Slight,03/11/2021,Wednesday,30:00.0,Single carriageway,20,Darkness - lights lit,5.199999809,0.300000012,0,11.0,11,-0.00095836029227,0.8988210377387628,304,2021-03-11,
2021,-0.021215,51.510489,Slight,03/11/2021,Wednesday,50:00.0,Unknown,20,Darkness - lights lit,5.199999809,0.300000012,0,11.0,11,-0.0003702716008105,0.8990276323623214,67,2021-03-11,
2021,-0.046885,51.491567,Slight,03/11/2021,Wednesday,00:00.0,One way street,20,Darkness - lights lit,5.199999809,0.300000012,0,11.0,11,-0.0008182976197975,0.8986973811612591,424,2021-03-11,
2021,-0.157574,51.51057,Slight,30/10/2021,Saturday,40:00.0,Dual carriageway,20,Darkness - lights lit,10.60000038,2.0,0,13.69999981,10,-0.0027501851155375,0.8990290460790156,436,2021-10-30,
2021,-0.07339,51.509002,Slight,04/11/2021,Thursday,58:00.0,Slip road,20,Daylight,5.5,0.5,0,19.70000076,11,-0.0012808971380386,0.8990016793163442,20,2021-04-11,
2021,-0.12521,51.44477,Slight,04/11/2021,Thursday,00:00.0,Unknown,30,Darkness - lights lit,5.5,0.5,0,19.70000076,11,-0.0021853267564221,0.8978806194312031,120,2021-04-11,
2021,-0.173424,51.48215,Slight,04/11/2021,Thursday,00:00.0,Single carriageway,20,Darkness - lights lit,5.5,0.5,0,19.70000076,11,-0.0030268198019786,0.8985330235055986,1,2021-04-11,
2021,-0.168898,51.427196,Slight,04/11/2021,Thursday,55:00.0,Single carriageway,30,Darkness - lights lit,5.5,0.5,0,19.70000076,11,-0.0029478262000333,0.8975738952684579,15,2021-04-11,
2021,-0.102397,51.5895,Slight,04/11/2021,Thursday,02:00.0,Single carriageway,30,Daylight,5.5,0.5,0,19.70000076,11,-0.0017871647941646,0.9004066344576147,437,2021-04-11,
2021,-0.111801,51.479249,Slight,05/11/2021,Friday,50:00.0,Single carriageway,30,Daylight,4.800000191,0.0,0,10.0,11,-0.0019512955570221,0.8984823915039983,280,2021-05-11,
2021,-0.125675,51.484391,Slight,27/10/2021,Wednesday,35:00.0,Unknown,30,Daylight,13.89999962,0.0,0,20.79999924,10,-0.0021934425374438,0.898572136334136,274,2021-10-27,
2021,-0.093095,51.501302,Slight,05/11/2021,Friday,40:00.0,Single carriageway,20,Daylight,4.800000191,0.0,0,10.0,11,-0.0016248142671441,0.8988672889639406,22,2021-05-11,
2021,-0.01681,51.451646,Slight,05/11/2021,Friday,05:00.0,Dual carriageway,20,Darkness - lights lit,4.800000191,0.0,0,10.0,11,-0.0002933898472602,0.8980006282705704,313,2021-05-11,
2021,-0.06005,51.54959,Slight,28/10/2021,Thursday,15:00.0,Single carriageway,20,Daylight,12.80000019,0.0,0,17.89999962,10,-0.0010480702158225,0.8997100735531437,94,2021-10-28,
2021,-0.253608,51.55845,Slight,06/11/2021,Saturday,40:00.0,Dual carriageway,40,Darkness - lights lit,9.100000381,0.0,0,18.5,11,-0.0044262946093977,0.8998647097248704,50,2021-06-11,
2021,-0.29337,51.529863,Slight,05/11/2021,Friday,10:00.0,Slip road,30,Darkness - lights lit,4.800000191,0.0,0,10.0,11,-0.0051202724265757,0.8993657724516028,234,2021-05-11,
2021,-0.391597,51.525306,Serious,06/11/2021,Saturday,58:00.0,Unknown,30,Daylight,9.100000381,0.0,0,18.5,11,-0.0068346569909322,0.8992862377975893,240,2021-06-11,
2021,-0.114524,51.39361,Slight,04/11/2021,Thursday,00:00.0,Roundabout,30,Darkness - lights lit,5.5,0.5,0,19.70000076,11,-0.0019988208725539,0.896987708985883,32,2021-04-11,
2021,-0.123832,51.486124,Slight,01/11/2021,Monday,51:00.0,Single carriageway,30,Darkness - lights lit,9.100000381,7.900000095,0,18.10000038,11,-0.0021612761193296,0.8986023828900729,239,2021-01-11,
2021,-0.073061,51.566999,Slight,05/11/2021,Friday,25:00.0,Slip road,20,Daylight,4.800000191,0.0,0,10.0,11,-0.0012751550047995,0.9000139179226235,66,2021-05-11,
2021,-0.190872,51.501997,Slight,06/11/2021,Saturday,55:00.0,Single carriageway,20,Daylight,9.100000381,0.0,0,18.5,11,-0.0033313448498666,0.8988794190022421,150,2021-06-11,
2021,-0.078663,51.523773,Slight,05/11/2021,Friday,00:00.0,One way street,20,Daylight,4.800000191,0.0,0,10.0,11,-0.0013729283494962,0.8992594819001563,19,2021-05-11,
2021,-0.005719,51.535307,Slight,06/11/2021,Saturday,19:00.0,Dual carriageway,30,Darkness - lights lit,9.100000381,0.0,0,18.5,11,-9.98153799215557e-05,0.8994607881760814,125,2021-06-11,
2021,-0.133984,51.510872,Slight,06/11/2021,Saturday,15:00.0,One way street,30,Darkness - lighting unknown,9.100000381,0.0,0,18.5,11,-0.002338461944992,0.8990343169733565,167,2021-06-11,
2021,-0.074782,51.399348,Slight,29/10/2021,Friday,55:00.0,Single carriageway,30,Darkness - lights unlit,12.39999962,1.5,0,19.89999962,10,-0.0013051921212263,0.8970878559783624,371,2021-10-29,
